dataset,n_poses,n_edges,n_outliers_truth,n_robots,Explicit_outer_iters,Explicit_inner_iters_total,Explicit_wall_s,Explicit_precompute_s,Explicit_inner_cost,Explicit_robust_cost,Explicit_ate_global_rmse_m,Explicit_ate_per_robot_mean_m,ExpVP_outer_iters,ExpVP_inner_iters_total,ExpVP_wall_s,ExpVP_precompute_s,ExpVP_inner_cost,ExpVP_robust_cost,ExpVP_ate_global_rmse_m,ExpVP_ate_per_robot_mean_m,Implicit_outer_iters,Implicit_inner_iters_total,Implicit_wall_s,Implicit_precompute_s,Implicit_inner_cost,Implicit_robust_cost,Implicit_ate_global_rmse_m,Implicit_ate_per_robot_mean_m
finals,613,2072,314,4,20,190,3.1646,0.000489,1273.4900,11506.4000,4.5645,2.6031,20,133,3.0949,0.000606,1273.3600,11505.8000,4.5898,2.6157,20,100,0.5532,0.000543,1273.3900,11505.8000,4.5572,2.5995
kentucky_underground,3153,4034,121,4,20,3657,309.2180,0.000966,255.9500,750.4970,52.4083,3.6984,20,1658,137.6250,0.000953,255.0990,748.7580,25.2886,3.0831,20,95,4.1116,0.000952,254.8390,748.2280,1.2071,0.7490
kittredge_loop_proradio,3410,6696,665,4,20,235,43.3713,0.004475,3068.7500,24089.3000,5.5147,4.9012,20,143,22.0892,0.004389,3068.7500,24089.3000,5.5149,4.9014,20,97,4.5024,0.005309,3068.7500,24089.3000,5.5150,4.9015
kittredge_loop_wifi,3410,6786,647,4,20,249,39.1410,0.004413,2947.7300,23206.5000,5.9329,5.2087,20,149,20.5146,0.004017,2947.7200,23206.5000,5.9328,5.2089,20,100,3.9095,0.004100,2947.7200,23206.5000,5.9328,5.2089
kth_r3_00_d06_d09_d10_proradio,1604,2805,118,3,20,612,46.5541,0.001089,1738.8400,7108.4100,1.0997,0.9025,20,575,44.3092,0.001126,1738.8400,7108.4100,1.1014,0.9035,20,94,1.6637,0.000930,1738.7700,7108.3800,1.1115,0.9087
kth_r3_00_d06_d09_d10_wifi,1604,2263,72,3,20,651,28.6100,0.000827,1084.2500,4379.9200,1.7741,1.4255,20,625,27.9416,0.000826,1084.2400,4379.9200,1.7723,1.4238,20,95,1.2825,0.000790,1084.2200,4379.9100,1.7699,1.4221
kth_r3_01_n01_n04_n05_proradio,1609,2607,94,3,20,1075,77.0518,0.000986,1195.6200,5140.4000,1.3924,1.0806,20,1644,128.6430,0.000975,1195.6200,5140.4000,1.3930,1.0808,20,129,2.5546,0.001057,1195.6200,5140.4000,1.3937,1.0809
kth_r3_01_n01_n04_n05_wifi,1609,2260,81,3,20,2023,92.9163,0.000785,818.6990,3952.2400,1.4569,1.1138,20,2156,100.2680,0.000771,818.6910,3952.2400,1.4549,1.1122,20,149,2.2217,0.000771,818.6740,3952.2300,1.5316,1.1549
kth_r4_00_d06_d10_n04_n05_proradio,2036,3397,141,4,20,1407,138.9090,0.001253,1825.0000,8599.5300,4.0291,3.0125,20,1227,121.7970,0.001213,1847.8500,8050.2700,1.2004,0.8488,19,128,3.0786,0.001295,1854.8400,8015.3900,1.1411,0.8843
kth_r4_00_d06_d10_n04_n05_wifi,2036,3196,135,4,20,979,92.9916,0.001107,1579.4100,7175.3700,1.1782,0.9178,20,743,71.6094,0.001261,1579.4100,7175.3700,1.1788,0.9180,20,143,3.6579,0.001292,1579.4200,7175.3800,1.1821,0.9190
main_campus_proradio,4394,8636,369,4,19,152,27.5074,0.003583,2960.7900,16017.2000,3.4888,2.8369,19,110,17.4079,0.003610,2960.7900,16017.2000,3.4886,2.8367,19,90,3.9908,0.003864,2960.8000,16017.2000,3.4882,2.8365
main_campus_wifi,4394,7538,201,4,19,215,37.6210,0.002909,2186.3400,9917.3900,4.1541,3.1888,19,150,24.1950,0.002859,2186.3400,9917.3900,4.1539,3.1887,19,91,3.8482,0.002785,2186.3400,9917.3900,4.1537,3.1886
ntu_r3_00_d01_n04_n08_proradio,3035,5441,80,3,20,1461,142.9380,0.001850,3213.0300,16557.0000,140.6823,2.8443,20,1753,175.0610,0.001847,3212.4000,16531.4000,79.5113,2.5974,20,104,2.7698,0.002020,3511.4900,10974.9000,2.2565,2.2363
ntu_r3_00_d01_n04_n08_wifi,3035,5028,73,3,20,625,57.0521,0.001737,2556.9900,18156.5000,213.0398,3.1041,20,2648,255.4810,0.001755,3044.1500,9618.2500,2.4041,2.3687,20,117,3.4757,0.001713,3044.0700,9618.2300,2.4042,2.3687
ntu_r3_01_n04_n08_n13_proradio,2178,3665,42,3,20,415,25.9194,0.001502,2228.1100,11346.3000,142.0613,2.8519,20,387,24.5141,0.001271,2228.1400,11346.2000,138.2361,2.7955,20,97,1.6866,0.001257,2456.9300,7561.9100,2.3957,2.3192
ntu_r3_01_n04_n08_n13_wifi,2178,3471,34,3,20,673,41.6074,0.001192,2045.3800,9865.3600,139.7647,3.1705,20,3208,214.3310,0.001153,2209.6000,6716.0900,2.8276,2.6279,20,116,1.9914,0.001161,2209.0600,6716.0200,2.8205,2.6228
ntu_r3_02_d02_n04_n13_proradio,1417,2322,35,3,20,891,33.7197,0.000787,1523.0900,6989.8500,112.4983,2.9121,20,1151,47.2453,0.001038,1627.4400,5373.7000,3.3170,2.5716,20,94,0.9769,0.000799,1627.3600,5373.6600,3.4390,2.6392
ntu_r3_02_d02_n04_n13_wifi,1417,2154,30,3,20,245,8.5275,0.000739,1336.7200,5138.3700,147.1125,3.3632,20,1720,69.2786,0.000739,1368.2900,4582.0200,6.3340,3.2303,20,92,0.9190,0.000738,1375.0100,4569.4400,2.7010,2.2576
ntu_r4_00_d01_n04_n08_n13_proradio,3555,5916,94,4,20,1906,213.0880,0.002127,3563.1200,14970.1000,65.1044,2.7278,20,2378,270.7420,0.002022,3734.9200,12139.7000,2.4461,2.3800,20,140,5.6714,0.002113,3734.9700,12139.8000,2.4471,2.3803
ntu_r4_00_d01_n04_n08_n13_wifi,3555,6031,81,4,20,1141,126.5870,0.002236,3770.7300,15599.3000,69.2766,2.8097,20,1116,127.2120,0.002145,3986.8000,12518.4000,2.4717,2.3934,20,102,3.6663,0.002356,3986.7400,12518.3000,2.4683,2.3902
ntu_r5_00_d01_d02_n04_n08_n13_proradio,3837,6436,91,5,20,1370,164.6700,0.002182,4075.3800,14917.5000,68.8417,2.3148,20,1722,212.6170,0.002169,4179.0000,13329.0000,2.1756,1.9970,20,114,4.2785,0.002191,4178.8800,13328.9000,2.1754,1.9973
ntu_r5_00_d01_d02_n04_n08_n13_wifi,3837,6709,98,5,20,1094,129.5420,0.002376,3865.3700,24917.3000,152.9971,2.4095,20,787,95.8621,0.002272,4230.8100,18594.1000,149.9920,2.1435,20,147,6.2426,0.002423,4472.9900,14305.1000,2.1626,1.9722
tuhh_r3_00_day_proradio,1041,1906,82,3,18,356,9.9589,0.000727,959.4750,9446.4200,121.8276,1.0745,18,264,7.8593,0.000629,959.4560,9446.4200,122.1807,1.0729,18,94,0.9860,0.000664,959.4380,9421.4000,140.5255,1.1192
tuhh_r3_00_day_wifi,1041,1749,72,3,19,727,21.2199,0.000605,806.1020,8564.5800,129.6553,1.2013,19,546,16.1767,0.000708,806.1000,8564.5800,129.6574,1.2034,19,86,0.8409,0.000609,806.0780,8564.5600,129.6907,1.2457
tuhh_r3_01_night_proradio,1025,1928,89,3,19,332,9.4816,0.000594,982.2230,9866.7900,104.6112,1.6317,19,261,7.4506,0.000594,982.2330,9866.7900,104.6111,1.6289,19,91,0.9161,0.000579,982.2140,9866.7900,104.6140,1.6047
tuhh_r3_01_night_wifi,1025,1644,75,3,20,521,13.7653,0.000507,693.0160,7779.9600,104.4984,1.8273,20,335,9.1580,0.000517,693.0140,7779.9500,104.4945,1.8184,20,88,0.8757,0.000513,692.9800,7779.9100,104.4982,1.8026
tunnel,1278,6832,429,2,20,156,7.7213,0.001542,3243.9600,16498.3000,1.9138,1.9070,20,101,6.0811,0.001775,3243.9900,16498.3000,1.9152,1.9085,20,77,1.3454,0.001671,3244.0200,16498.4000,1.9095,1.9028
urban,765,2214,596,3,20,142,1.8716,0.000543,1288.8200,10193.9000,3.9572,2.6846,20,101,1.5635,0.000542,1288.8400,10193.9000,3.9572,2.6845,20,97,0.5319,0.000537,1288.8300,10193.9000,3.9572,2.6844
